monolithic,macro,micro
-2.1322464736625446,-2.8359281494683617,-2.107695676882501
