N,h,cond_monolithic,cond_macro,cond_micro,n_dofs,n0,n1
4,0.25,166.4682589030087,5.686259042640738,63.907442285471355,250,125,125
6,0.16666666666666666,356.2486362146494,13.527102647820703,186.54912650625565,686,343,343
8,0.125,622.2253591306236,24.504591713686988,420.6888118923143,1458,729,729
10,0.1,964.4271809724045,38.618341428423214,803.1546602143474,2662,1331,1331
12,0.08333333333333333,1406.5463823468067,56.8297951021563,1370.8730804984996,4394,2197,2197
14,0.07142857142857142,2217.6355647350156,90.08531642329058,2160.840575353158,6750,3375,3375
16,0.0625,3294.9894680200296,134.31808195248365,3210.07469672955,9826,4913,4913
