monolithic,macro,micro
-2.1107677439035095,-2.2300910949369195,-2.8365435756897566
